"relative_path","Extension","Length","LastWriteTime"
"blog.html",".html","36021","4/06/2026 16:11:09"
"blog_details.html",".html","47186","4/06/2026 16:11:09"
"career.html",".html","27400","4/06/2026 16:11:09"
"career_details.html",".html","36773","4/06/2026 16:11:09"
"contact.html",".html","26190","4/06/2026 16:11:09"
"downloaded-files.csv",".csv","36379","4/06/2026 16:20:40"
"error.html",".html","5487","4/06/2026 16:11:09"
"failed-downloads.csv",".csv","17","4/06/2026 16:21:06"
"index.html",".html","76474","4/06/2026 16:11:09"
"index_car_insurance.html",".html","63844","4/06/2026 16:11:09"
"index_financial_consulting.html",".html","87157","4/06/2026 16:11:09"
"index_insurance.html",".html","97750","4/06/2026 16:11:09"
"index_online_banking.html",".html","60643","4/06/2026 16:11:09"
"index_payment_solutions.html",".html","60387","4/06/2026 16:11:09"
"local-files.csv",".csv","36379","4/06/2026 16:20:40"
"missing-referenced-assets.txt",".txt","0","4/06/2026 16:18:36"
"pricing.html",".html","32847","4/06/2026 16:11:10"
"projects.html",".html","25298","4/06/2026 16:11:09"
"project_details.html",".html","29062","4/06/2026 16:11:09"
"README.md",".md","3005","4/06/2026 16:21:20"
"referenced-assets.txt",".txt","15718","4/06/2026 16:14:37"
"services.html",".html","36594","4/06/2026 16:11:10"
"service_details.html",".html","27375","4/06/2026 16:11:10"
"assets\css\animate.min.css",".css","62018","4/06/2026 16:11:10"
"assets\css\bootstrap.min.css",".css","232803","4/06/2026 16:11:14"
"assets\css\fontawesome.css",".css","647972","4/06/2026 16:11:10"
"assets\css\magnific-popup.min.css",".css","5658","4/06/2026 16:11:13"
"assets\css\odometer.min.css",".css","3322","4/06/2026 16:11:10"
"assets\css\style.css",".css","179203","4/06/2026 16:11:11"
"assets\css\style.css.map",".map","109365","4/06/2026 16:15:35"
"assets\css\swiper-bundle.min.css",".css","18452","4/06/2026 16:11:10"
"assets\fonts\fa-brands-400.ttf",".ttf","189028","4/06/2026 16:15:17"
"assets\fonts\fa-regular-400.ttf",".ttf","1037896","4/06/2026 16:15:20"
"assets\fonts\fa-solid-900.ttf",".ttf","902932","4/06/2026 16:15:24"
"assets\fonts\suisseIntl-bold.ttf",".ttf","195328","4/06/2026 16:15:31"
"assets\fonts\suisseIntl-medium.ttf",".ttf","197228","4/06/2026 16:15:38"
"assets\fonts\suisseIntl-regular.ttf",".ttf","197292","4/06/2026 16:15:42"
"assets\fonts\suisseIntl-semibold.ttf",".ttf","195764","4/06/2026 16:15:33"
"assets\images\404_error_image.webp",".webp","145358","4/06/2026 16:13:11"
"assets\images\app_store.webp",".webp","8658","4/06/2026 16:11:13"
"assets\images\google_play.webp",".webp","8030","4/06/2026 16:11:11"
"assets\images\synox_page_thumbnail.webp",".webp","103342","4/06/2026 16:15:51"
"assets\images\about\about_image_1.webp",".webp","51784","4/06/2026 16:13:37"
"assets\images\about\about_image_10.webp",".webp","112834","4/06/2026 16:14:35"
"assets\images\about\about_image_11.webp",".webp","51204","4/06/2026 16:14:05"
"assets\images\about\about_image_2.webp",".webp","16652","4/06/2026 16:13:39"
"assets\images\about\about_image_3.webp",".webp","34282","4/06/2026 16:13:37"
"assets\images\about\about_image_4.webp",".webp","69386","4/06/2026 16:13:06"
"assets\images\about\about_image_5.webp",".webp","101984","4/06/2026 16:13:21"
"assets\images\about\about_image_6.webp",".webp","103848","4/06/2026 16:13:23"
"assets\images\about\about_image_7.webp",".webp","534172","4/06/2026 16:13:41"
"assets\images\about\about_image_8.webp",".webp","75052","4/06/2026 16:13:42"
"assets\images\about\about_image_9.webp",".webp","140114","4/06/2026 16:13:40"
"assets\images\about\about_video_image_1.webp",".webp","182416","4/06/2026 16:13:38"
"assets\images\about\chart_image_1.webp",".webp","10154","4/06/2026 16:11:11"
"assets\images\about\faq_about_image.webp",".webp","211354","4/06/2026 16:11:13"
"assets\images\about\hand_image.webp",".webp","80816","4/06/2026 16:14:36"
"assets\images\about\integration_image_1.webp",".webp","142338","4/06/2026 16:13:11"
"assets\images\about\mac_image_1.webp",".webp","164584","4/06/2026 16:11:14"
"assets\images\about\mobile_app_image.webp",".webp","225708","4/06/2026 16:13:39"
"assets\images\about\transactions_card_image.webp",".webp","25972","4/06/2026 16:13:38"
"assets\images\about\transactions_card_image_2.webp",".webp","457254","4/06/2026 16:13:12"
"assets\images\avatar\avatar_image_1.webp",".webp","8248","4/06/2026 16:11:13"
"assets\images\avatar\avatar_image_10.webp",".webp","12032","4/06/2026 16:13:45"
"assets\images\avatar\avatar_image_2.webp",".webp","5766","4/06/2026 16:11:14"
"assets\images\avatar\avatar_image_3.webp",".webp","12176","4/06/2026 16:11:12"
"assets\images\avatar\avatar_image_4.webp",".webp","4032","4/06/2026 16:11:39"
"assets\images\avatar\avatar_image_5.webp",".webp","4354","4/06/2026 16:13:11"
"assets\images\avatar\avatar_image_6.webp",".webp","2614","4/06/2026 16:13:13"
"assets\images\avatar\avatar_image_7.webp",".webp","25268","4/06/2026 16:13:46"
"assets\images\avatar\avatar_image_8.webp",".webp","8848","4/06/2026 16:13:52"
"assets\images\avatar\avatar_image_9.webp",".webp","9064","4/06/2026 16:13:50"
"assets\images\backgrounds\app_store_bg_1.webp",".webp","52054","4/06/2026 16:13:37"
"assets\images\backgrounds\background_image_1.webp",".webp","119996","4/06/2026 16:13:42"
"assets\images\backgrounds\footer_bg_1.webp",".webp","26504","4/06/2026 16:11:11"
"assets\images\backgrounds\hero_bg_1.webp",".webp","102156","4/06/2026 16:11:11"
"assets\images\backgrounds\hero_bg_noise.webp",".webp","6290","4/06/2026 16:13:38"
"assets\images\backgrounds\hero_bg_pattern_1.webp",".webp","196956","4/06/2026 16:12:37"
"assets\images\backgrounds\newslatter_bg_image_1.webp",".webp","9618","4/06/2026 16:13:17"
"assets\images\backgrounds\page_header_bg_1.webp",".webp","43312","4/06/2026 16:11:13"
"assets\images\blogs\blog_details_image_1.webp",".webp","227936","4/06/2026 16:13:43"
"assets\images\blogs\blog_image_1.webp",".webp","43166","4/06/2026 16:14:58"
"assets\images\blogs\blog_image_10.webp",".webp","85142","4/06/2026 16:13:49"
"assets\images\blogs\blog_image_11.webp",".webp","16198","4/06/2026 16:13:39"
"assets\images\blogs\blog_image_12.webp",".webp","96680","4/06/2026 16:13:41"
"assets\images\blogs\blog_image_13.webp",".webp","42530","4/06/2026 16:13:11"
"assets\images\blogs\blog_image_14.webp",".webp","88506","4/06/2026 16:13:11"
"assets\images\blogs\blog_image_15.webp",".webp","37696","4/06/2026 16:13:13"
"assets\images\blogs\blog_image_16.webp",".webp","61902","4/06/2026 16:13:03"
"assets\images\blogs\blog_image_17.webp",".webp","111466","4/06/2026 16:13:27"
"assets\images\blogs\blog_image_18.webp",".webp","81268","4/06/2026 16:13:29"
"assets\images\blogs\blog_image_19.webp",".webp","76910","4/06/2026 16:14:45"
"assets\images\blogs\blog_image_2.webp",".webp","64714","4/06/2026 16:14:49"
"assets\images\blogs\blog_image_20.webp",".webp","95124","4/06/2026 16:14:39"
"assets\images\blogs\blog_image_21.webp",".webp","69658","4/06/2026 16:14:04"
"assets\images\blogs\blog_image_3.webp",".webp","45986","4/06/2026 16:14:53"
"assets\images\blogs\blog_image_4.webp",".webp","39596","4/06/2026 16:14:48"
"assets\images\blogs\blog_image_5.webp",".webp","91896","4/06/2026 16:15:00"
"assets\images\blogs\blog_image_6.webp",".webp","95974","4/06/2026 16:14:56"
"assets\images\blogs\blog_image_7.webp",".webp","34992","4/06/2026 16:14:54"
"assets\images\blogs\blog_image_8.webp",".webp","33456","4/06/2026 16:15:01"
"assets\images\blogs\blog_image_9.webp",".webp","108624","4/06/2026 16:14:51"
"assets\images\blogs\recent_blog_post_image_1.webp",".webp","5984","4/06/2026 16:13:54"
"assets\images\blogs\recent_blog_post_image_2.webp",".webp","5098","4/06/2026 16:13:55"
"assets\images\blogs\recent_blog_post_image_3.webp",".webp","10830","4/06/2026 16:13:53"
"assets\images\clients\brand_01.png",".png","1703","4/06/2026 16:13:40"
"assets\images\clients\brand_02.png",".png","1896","4/06/2026 16:13:41"
"assets\images\clients\brand_03.png",".png","1346","4/06/2026 16:13:40"
"assets\images\clients\brand_04.png",".png","1784","4/06/2026 16:13:40"
"assets\images\clients\brand_05.png",".png","2517","4/06/2026 16:13:42"
"assets\images\clients\brand_06.png",".png","1837","4/06/2026 16:13:42"
"assets\images\clients\brand_07.png",".png","1441","4/06/2026 16:13:41"
"assets\images\clients\brand_08.png",".png","3104","4/06/2026 16:13:40"
"assets\images\clients\brand_09.png",".png","1797","4/06/2026 16:13:41"
"assets\images\clients\brand_10.png",".png","1125","4/06/2026 16:13:40"
"assets\images\clients\client_logo_1.webp",".webp","3258","4/06/2026 16:11:11"
"assets\images\clients\client_logo_10.webp",".webp","928","4/06/2026 16:13:38"
"assets\images\clients\client_logo_11.webp",".webp","3670","4/06/2026 16:13:13"
"assets\images\clients\client_logo_12.webp",".webp","1788","4/06/2026 16:13:12"
"assets\images\clients\client_logo_13.webp",".webp","3714","4/06/2026 16:13:12"
"assets\images\clients\client_logo_14.webp",".webp","3852","4/06/2026 16:13:11"
"assets\images\clients\client_logo_15.webp",".webp","3712","4/06/2026 16:13:11"
"assets\images\clients\client_logo_16.webp",".webp","3454","4/06/2026 16:13:12"
"assets\images\clients\client_logo_17.webp",".webp","4678","4/06/2026 16:13:13"
"assets\images\clients\client_logo_18.webp",".webp","4514","4/06/2026 16:13:11"
"assets\images\clients\client_logo_19.webp",".webp","6532","4/06/2026 16:13:35"
"assets\images\clients\client_logo_2.webp",".webp","1712","4/06/2026 16:11:12"
"assets\images\clients\client_logo_20.webp",".webp","3820","4/06/2026 16:12:39"
"assets\images\clients\client_logo_21.webp",".webp","7022","4/06/2026 16:12:53"
"assets\images\clients\client_logo_22.webp",".webp","3556","4/06/2026 16:13:16"
"assets\images\clients\client_logo_23.webp",".webp","8744","4/06/2026 16:13:18"
"assets\images\clients\client_logo_24.webp",".webp","2420","4/06/2026 16:13:11"
"assets\images\clients\client_logo_25.webp",".webp","5440","4/06/2026 16:14:23"
"assets\images\clients\client_logo_26.webp",".webp","2044","4/06/2026 16:13:41"
"assets\images\clients\client_logo_27.webp",".webp","4700","4/06/2026 16:14:40"
"assets\images\clients\client_logo_28.webp",".webp","4198","4/06/2026 16:14:19"
"assets\images\clients\client_logo_29.webp",".webp","2816","4/06/2026 16:14:07"
"assets\images\clients\client_logo_3.webp",".webp","2086","4/06/2026 16:11:12"
"assets\images\clients\client_logo_30.webp",".webp","5512","4/06/2026 16:14:16"
"assets\images\clients\client_logo_31.webp",".webp","2774","4/06/2026 16:14:11"
"assets\images\clients\client_logo_32.webp",".webp","4970","4/06/2026 16:14:02"
"assets\images\clients\client_logo_33.webp",".webp","1946","4/06/2026 16:14:41"
"assets\images\clients\client_logo_34.webp",".webp","3384","4/06/2026 16:14:31"
"assets\images\clients\client_logo_35.webp",".webp","2528","4/06/2026 16:14:13"
"assets\images\clients\client_logo_36.webp",".webp","548","4/06/2026 16:14:20"
"assets\images\clients\client_logo_4.webp",".webp","4338","4/06/2026 16:11:11"
"assets\images\clients\client_logo_5.webp",".webp","1402","4/06/2026 16:11:10"
"assets\images\clients\client_logo_6.webp",".webp","2700","4/06/2026 16:11:13"
"assets\images\clients\client_logo_7.webp",".webp","1658","4/06/2026 16:11:13"
"assets\images\clients\client_logo_8.webp",".webp","2844","4/06/2026 16:11:11"
"assets\images\clients\client_logo_9.webp",".webp","1738","4/06/2026 16:11:20"
"assets\images\features\ob_feature_image_1.webp",".webp","202000","4/06/2026 16:13:38"
"assets\images\features\ob_feature_image_2.webp",".webp","24662","4/06/2026 16:13:38"
"assets\images\features\ob_feature_image_3.webp",".webp","165202","4/06/2026 16:13:38"
"assets\images\features\ob_feature_image_4.webp",".webp","150526","4/06/2026 16:13:39"
"assets\images\features\ob_feature_image_5.webp",".webp","74262","4/06/2026 16:13:37"
"assets\images\flags\flag_bangladesh.webp",".webp","2918","4/06/2026 16:12:35"
"assets\images\flags\flag_portugal.webp",".webp","88586","4/06/2026 16:13:00"
"assets\images\flags\flag_saudi_arabia.webp",".webp","30936","4/06/2026 16:13:02"
"assets\images\flags\flag_usa.webp",".webp","13760","4/06/2026 16:13:00"
"assets\images\hero\car.png",".png","25208","4/06/2026 16:14:08"
"assets\images\hero\card.png",".png","168686","4/06/2026 16:13:38"
"assets\images\hero\hero_hand_image.png",".png","196082","4/06/2026 16:13:39"
"assets\images\hero\hero_hand_image_2.webp",".webp","331318","4/06/2026 16:13:12"
"assets\images\hero\hero_image_1.webp",".webp","202572","4/06/2026 16:11:12"
"assets\images\hero\hero_image_2.webp",".webp","280778","4/06/2026 16:12:48"
"assets\images\hero\hero_image_3.webp",".webp","176038","4/06/2026 16:13:40"
"assets\images\hero\hero_pattern.svg",".svg","7894","4/06/2026 16:13:38"
"assets\images\hero\hero_shape_1.svg",".svg","2404","4/06/2026 16:13:38"
"assets\images\icons\icon_api.svg",".svg","7464","4/06/2026 16:13:13"
"assets\images\icons\icon_apple_pay.svg",".svg","3739","4/06/2026 16:13:12"
"assets\images\icons\icon_bitcoin.svg",".svg","1281","4/06/2026 16:13:37"
"assets\images\icons\icon_bookmark.svg",".svg","514","4/06/2026 16:13:56"
"assets\images\icons\icon_box.svg",".svg","1109","4/06/2026 16:13:11"
"assets\images\icons\icon_briefcase.svg",".svg","2275","4/06/2026 16:11:13"
"assets\images\icons\icon_browser.svg",".svg","3876","4/06/2026 16:13:12"
"assets\images\icons\icon_building.svg",".svg","1892","4/06/2026 16:11:13"
"assets\images\icons\icon_bulb.svg",".svg","6867","4/06/2026 16:13:59"
"assets\images\icons\icon_calendar.svg",".svg","2058","4/06/2026 16:13:03"
"assets\images\icons\icon_calling.svg",".svg","2890","4/06/2026 16:11:13"
"assets\images\icons\icon_calling_2.svg",".svg","2087","4/06/2026 16:11:10"
"assets\images\icons\icon_calling_3.svg",".svg","2272","4/06/2026 16:12:06"
"assets\images\icons\icon_calling_4.svg",".svg","2842","4/06/2026 16:13:24"
"assets\images\icons\icon_calling_5.svg",".svg","1624","4/06/2026 16:12:35"
"assets\images\icons\icon_calling_6.svg",".svg","4204","4/06/2026 16:13:41"
"assets\images\icons\icon_calling_7.svg",".svg","2906","4/06/2026 16:14:06"
"assets\images\icons\icon_car.svg",".svg","10148","4/06/2026 16:13:41"
"assets\images\icons\icon_car_2.svg",".svg","4719","4/06/2026 16:14:22"
"assets\images\icons\icon_chair.svg",".svg","2818","4/06/2026 16:13:33"
"assets\images\icons\icon_chart.svg",".svg","1277","4/06/2026 16:11:10"
"assets\images\icons\icon_chart_2.svg",".svg","1153","4/06/2026 16:13:37"
"assets\images\icons\icon_chart_3.svg",".svg","1013","4/06/2026 16:13:11"
"assets\images\icons\icon_chart_4.svg",".svg","920","4/06/2026 16:13:59"
"assets\images\icons\icon_chart_5.svg",".svg","1183","4/06/2026 16:13:59"
"assets\images\icons\icon_chart_bar.svg",".svg","3332","4/06/2026 16:11:10"
"assets\images\icons\icon_chart_bar_2.svg",".svg","1016","4/06/2026 16:11:11"
"assets\images\icons\icon_chat.svg",".svg","1853","4/06/2026 16:13:13"
"assets\images\icons\icon_chat_2.svg",".svg","3207","4/06/2026 16:14:26"
"assets\images\icons\icon_check.svg",".svg","7162","4/06/2026 16:13:08"
"assets\images\icons\icon_check_2.svg",".svg","961","4/06/2026 16:12:46"
"assets\images\icons\icon_check_3.svg",".svg","1598","4/06/2026 16:14:14"
"assets\images\icons\icon_close.svg",".svg","1892","4/06/2026 16:14:33"
"assets\images\icons\icon_cog.svg",".svg","2880","4/06/2026 16:13:04"
"assets\images\icons\icon_color_swatch.svg",".svg","1478","4/06/2026 16:13:37"
"assets\images\icons\icon_comment.svg",".svg","2424","4/06/2026 16:13:47"
"assets\images\icons\icon_devices.svg",".svg","1245","4/06/2026 16:13:11"
"assets\images\icons\icon_diamond.svg",".svg","9302","4/06/2026 16:13:39"
"assets\images\icons\icon_discount.svg",".svg","3402","4/06/2026 16:13:59"
"assets\images\icons\icon_doc.svg",".svg","1427","4/06/2026 16:13:58"
"assets\images\icons\icon_doc_2.svg",".svg","3236","4/06/2026 16:14:15"
"assets\images\icons\icon_dog.svg",".svg","12660","4/06/2026 16:13:42"
"assets\images\icons\icon_dollar.svg",".svg","1782","4/06/2026 16:11:11"
"assets\images\icons\icon_dollar_2.svg",".svg","5705","4/06/2026 16:11:11"
"assets\images\icons\icon_dollar_3.svg",".svg","1406","4/06/2026 16:13:39"
"assets\images\icons\icon_dollar_4.svg",".svg","2715","4/06/2026 16:12:49"
"assets\images\icons\icon_dollar_5.svg",".svg","5117","4/06/2026 16:13:34"
"assets\images\icons\icon_dollar_6.svg",".svg","3297","4/06/2026 16:13:37"
"assets\images\icons\icon_dollar_bag.svg",".svg","3618","4/06/2026 16:11:12"
"assets\images\icons\icon_email.svg",".svg","787","4/06/2026 16:11:14"
"assets\images\icons\icon_email_2.svg",".svg","716","4/06/2026 16:11:13"
"assets\images\icons\icon_email_3.svg",".svg","499","4/06/2026 16:12:06"
"assets\images\icons\icon_email_4.svg",".svg","795","4/06/2026 16:14:09"
"assets\images\icons\icon_eye.svg",".svg","1508","4/06/2026 16:13:44"
"assets\images\icons\icon_face.svg",".svg","4037","4/06/2026 16:13:13"
"assets\images\icons\icon_gadget.svg",".svg","2015","4/06/2026 16:13:12"
"assets\images\icons\icon_global_search.svg",".svg","2700","4/06/2026 16:13:38"
"assets\images\icons\icon_google_pay.svg",".svg","3220","4/06/2026 16:13:12"
"assets\images\icons\icon_graduation_cap.svg",".svg","1010","4/06/2026 16:13:12"
"assets\images\icons\icon_hand.svg",".svg","3708","4/06/2026 16:13:30"
"assets\images\icons\icon_hand_2.svg",".svg","5541","4/06/2026 16:13:42"
"assets\images\icons\icon_head.svg",".svg","4838","4/06/2026 16:13:59"
"assets\images\icons\icon_headphone.svg",".svg","785","4/06/2026 16:13:59"
"assets\images\icons\icon_headphone_2.svg",".svg","1183","4/06/2026 16:13:58"
"assets\images\icons\icon_heart.svg",".svg","14134","4/06/2026 16:13:40"
"assets\images\icons\icon_home.svg",".svg","2618","4/06/2026 16:13:59"
"assets\images\icons\icon_house.svg",".svg","6258","4/06/2026 16:13:41"
"assets\images\icons\icon_layer.svg",".svg","2306","4/06/2026 16:13:11"
"assets\images\icons\icon_link.svg",".svg","1702","4/06/2026 16:13:51"
"assets\images\icons\icon_lock.svg",".svg","994","4/06/2026 16:11:10"
"assets\images\icons\icon_mail.svg",".svg","1073","4/06/2026 16:13:32"
"assets\images\icons\icon_man.svg",".svg","1303","4/06/2026 16:11:11"
"assets\images\icons\icon_map_mark.svg",".svg","578","4/06/2026 16:12:08"
"assets\images\icons\icon_maximize.svg",".svg","1280","4/06/2026 16:13:39"
"assets\images\icons\icon_medal.svg",".svg","2043","4/06/2026 16:13:13"
"assets\images\icons\icon_medal_2.svg",".svg","2061","4/06/2026 16:13:42"
"assets\images\icons\icon_messages.svg",".svg","1866","4/06/2026 16:13:41"
"assets\images\icons\icon_mobile_network.svg",".svg","1716","4/06/2026 16:13:40"
"assets\images\icons\icon_money_bag.svg",".svg","2304","4/06/2026 16:13:40"
"assets\images\icons\icon_odomitter.svg",".svg","986","4/06/2026 16:11:12"
"assets\images\icons\icon_overlap.svg",".svg","2807","4/06/2026 16:11:13"
"assets\images\icons\icon_payment_card.svg",".svg","750","4/06/2026 16:13:11"
"assets\images\icons\icon_pay_24.svg",".svg","3855","4/06/2026 16:13:13"
"assets\images\icons\icon_pen.svg",".svg","1405","4/06/2026 16:13:37"
"assets\images\icons\icon_phone.svg",".svg","3189","4/06/2026 16:14:42"
"assets\images\icons\icon_qr_code.svg",".svg","841","4/06/2026 16:13:12"
"assets\images\icons\icon_quote.svg",".svg","197","4/06/2026 16:13:05"
"assets\images\icons\icon_rectangle.svg",".svg","493","4/06/2026 16:11:12"
"assets\images\icons\icon_search.svg",".svg","2529","4/06/2026 16:11:10"
"assets\images\icons\icon_search_2.svg",".svg","797","4/06/2026 16:13:11"
"assets\images\icons\icon_sms_edit.svg",".svg","1822","4/06/2026 16:13:42"
"assets\images\icons\icon_star_1.svg",".svg","764","4/06/2026 16:13:40"
"assets\images\icons\icon_star_2.svg",".svg","762","4/06/2026 16:13:41"
"assets\images\icons\icon_star_3.svg",".svg","764","4/06/2026 16:13:38"
"assets\images\icons\icon_star_4.svg",".svg","762","4/06/2026 16:13:38"
"assets\images\icons\icon_support.svg",".svg","3865","4/06/2026 16:13:41"
"assets\images\icons\icon_tag.svg",".svg","962","4/06/2026 16:12:59"
"assets\images\icons\icon_tag_2.svg",".svg","5243","4/06/2026 16:13:42"
"assets\images\icons\icon_target.svg",".svg","1411","4/06/2026 16:12:44"
"assets\images\icons\icon_trush_bin.svg",".svg","2904","4/06/2026 16:13:40"
"assets\images\icons\icon_umbrella.svg",".svg","16110","4/06/2026 16:13:42"
"assets\images\icons\icon_umbrella_2.svg",".svg","7461","4/06/2026 16:13:42"
"assets\images\icons\icon_user.svg",".svg","1053","4/06/2026 16:13:38"
"assets\images\icons\icon_users.svg",".svg","2580","4/06/2026 16:11:12"
"assets\images\icons\icon_user_2.svg",".svg","2970","4/06/2026 16:13:41"
"assets\images\icons\icon_visa.svg",".svg","2547","4/06/2026 16:13:12"
"assets\images\icons\icon_wallet.svg",".svg","1368","4/06/2026 16:13:38"
"assets\images\icons\icon_web_design.svg",".svg","2201","4/06/2026 16:13:39"
"assets\images\integrated\integrated_logo_1.webp",".webp","3084","4/06/2026 16:13:39"
"assets\images\integrated\integrated_logo_10.webp",".webp","3628","4/06/2026 16:13:39"
"assets\images\integrated\integrated_logo_2.webp",".webp","3346","4/06/2026 16:13:38"
"assets\images\integrated\integrated_logo_3.webp",".webp","4644","4/06/2026 16:13:38"
"assets\images\integrated\integrated_logo_4.webp",".webp","2660","4/06/2026 16:13:37"
"assets\images\integrated\integrated_logo_5.webp",".webp","6178","4/06/2026 16:13:39"
"assets\images\integrated\integrated_logo_6.webp",".webp","4390","4/06/2026 16:13:38"
"assets\images\integrated\integrated_logo_7.webp",".webp","3024","4/06/2026 16:13:39"
"assets\images\integrated\integrated_logo_8.webp",".webp","4272","4/06/2026 16:13:39"
"assets\images\integrated\integrated_logo_9.webp",".webp","9928","4/06/2026 16:13:39"
"assets\images\policy\policy_image_1.webp",".webp","32490","4/06/2026 16:11:14"
"assets\images\policy\policy_image_2.webp",".webp","23678","4/06/2026 16:11:14"
"assets\images\policy\policy_image_3.webp",".webp","26334","4/06/2026 16:11:13"
"assets\images\projects\project_details_image_1.webp",".webp","105952","4/06/2026 16:15:13"
"assets\images\projects\project_image_1.webp",".webp","54380","4/06/2026 16:15:08"
"assets\images\projects\project_image_10.webp",".webp","27240","4/06/2026 16:12:58"
"assets\images\projects\project_image_11.webp",".webp","37558","4/06/2026 16:12:48"
"assets\images\projects\project_image_2.webp",".webp","23530","4/06/2026 16:15:07"
"assets\images\projects\project_image_3.webp",".webp","34202","4/06/2026 16:15:02"
"assets\images\projects\project_image_4.webp",".webp","16718","4/06/2026 16:15:04"
"assets\images\projects\project_image_5.webp",".webp","99602","4/06/2026 16:15:10"
"assets\images\projects\project_image_6.webp",".webp","46006","4/06/2026 16:15:05"
"assets\images\projects\project_image_7.webp",".webp","20290","4/06/2026 16:15:11"
"assets\images\projects\project_image_8.webp",".webp","61058","4/06/2026 16:12:40"
"assets\images\projects\project_image_9.webp",".webp","34932","4/06/2026 16:13:25"
"assets\images\services\service_details_image_1.webp",".webp","169340","4/06/2026 16:13:59"
"assets\images\shapes\breadcrumb_shape_pattern_1.svg",".svg","335059","4/06/2026 16:12:06"
"assets\images\shapes\breadcrumb_shape_pattern_2.svg",".svg","334861","4/06/2026 16:11:10"
"assets\images\shapes\btn_shape.webp",".webp","15416","4/06/2026 16:15:36"
"assets\images\shapes\funfact_bg_1.svg",".svg","1000","4/06/2026 16:13:39"
"assets\images\shapes\funfact_bg_2.svg",".svg","1000","4/06/2026 16:13:38"
"assets\images\shapes\funfact_bg_3.svg",".svg","1000","4/06/2026 16:13:39"
"assets\images\shapes\funfact_bg_4.svg",".svg","1006","4/06/2026 16:13:39"
"assets\images\shapes\process_line_shape_1.webp",".webp","35116","4/06/2026 16:13:12"
"assets\images\shapes\shape_1.webp",".webp","38810","4/06/2026 16:13:12"
"assets\images\shapes\shape_2.webp",".webp","39524","4/06/2026 16:13:13"
"assets\images\shapes\shape_3.webp",".webp","41066","4/06/2026 16:13:11"
"assets\images\shapes\shape_4.svg",".svg","278","4/06/2026 16:15:39"
"assets\images\shapes\shape_arrow_1.webp",".webp","1906","4/06/2026 16:13:11"
"assets\images\shapes\shape_arrow_2.webp",".webp","1540","4/06/2026 16:13:13"
"assets\images\shapes\shape_arrow_3.webp",".webp","2576","4/06/2026 16:13:40"
"assets\images\shapes\shape_arrow_4.webp",".webp","2576","4/06/2026 16:13:41"
"assets\images\shapes\shape_car_path_1.png",".png","7921","4/06/2026 16:14:18"
"assets\images\shapes\shape_car_path_2.webp",".webp","9428","4/06/2026 16:14:27"
"assets\images\shapes\shape_car_path_3.webp",".webp","9286","4/06/2026 16:14:43"
"assets\images\shapes\shape_car_path_4.webp",".webp","69892","4/06/2026 16:14:21"
"assets\images\shapes\shape_car_path_5.webp",".webp","69958","4/06/2026 16:14:30"
"assets\images\shapes\shape_circle.svg",".svg","385","4/06/2026 16:13:42"
"assets\images\shapes\shape_circle_1.svg",".svg","133","4/06/2026 16:11:14"
"assets\images\shapes\shape_circle_1.webp",".webp","35714","4/06/2026 16:11:11"
"assets\images\shapes\shape_circle_2.svg",".svg","158","4/06/2026 16:13:38"
"assets\images\shapes\shape_circle_3.svg",".svg","171","4/06/2026 16:13:38"
"assets\images\shapes\shape_coin_1.svg",".svg","6803","4/06/2026 16:12:52"
"assets\images\shapes\shape_dollar_1.webp",".webp","7956","4/06/2026 16:11:11"
"assets\images\shapes\shape_dollar_2.webp",".webp","10256","4/06/2026 16:11:14"
"assets\images\shapes\shape_dollar_3.webp",".webp","3632","4/06/2026 16:11:13"
"assets\images\shapes\shape_dollar_4.webp",".webp","4008","4/06/2026 16:11:10"
"assets\images\shapes\shape_dollar_5.webp",".webp","9606","4/06/2026 16:11:10"
"assets\images\shapes\shape_dollar_6.webp",".webp","7844","4/06/2026 16:11:12"
"assets\images\shapes\shape_finto.svg",".svg","1217","4/06/2026 16:12:07"
"assets\images\shapes\shape_line.svg",".svg","3825","4/06/2026 16:13:39"
"assets\images\shapes\shape_nate.svg",".svg","86559","4/06/2026 16:12:06"
"assets\images\shapes\shape_nate_10.svg",".svg","85728","4/06/2026 16:11:14"
"assets\images\shapes\shape_nate_11.svg",".svg","83930","4/06/2026 16:11:14"
"assets\images\shapes\shape_nate_13.svg",".svg","83835","4/06/2026 16:11:12"
"assets\images\shapes\shape_nate_14.svg",".svg","85800","4/06/2026 16:13:12"
"assets\images\shapes\shape_nate_15.svg",".svg","5666","4/06/2026 16:13:12"
"assets\images\shapes\shape_nate_16.svg",".svg","85742","4/06/2026 16:13:13"
"assets\images\shapes\shape_nate_17.svg",".svg","85783","4/06/2026 16:13:13"
"assets\images\shapes\shape_nate_18.svg",".svg","6052","4/06/2026 16:13:13"
"assets\images\shapes\shape_nate_19.svg",".svg","6049","4/06/2026 16:13:12"
"assets\images\shapes\shape_nate_2.svg",".svg","83356","4/06/2026 16:11:11"
"assets\images\shapes\shape_nate_20.svg",".svg","6181","4/06/2026 16:13:12"
"assets\images\shapes\shape_nate_21.svg",".svg","6202","4/06/2026 16:13:13"
"assets\images\shapes\shape_nate_22.svg",".svg","90638","4/06/2026 16:12:43"
"assets\images\shapes\shape_nate_23.svg",".svg","6240","4/06/2026 16:13:14"
"assets\images\shapes\shape_nate_24.svg",".svg","6261","4/06/2026 16:12:50"
"assets\images\shapes\shape_nate_25.svg",".svg","6362","4/06/2026 16:13:19"
"assets\images\shapes\shape_nate_26.svg",".svg","85605","4/06/2026 16:12:55"
"assets\images\shapes\shape_nate_27.svg",".svg","91285","4/06/2026 16:13:13"
"assets\images\shapes\shape_nate_28.svg",".svg","6237","4/06/2026 16:13:40"
"assets\images\shapes\shape_nate_29.svg",".svg","6233","4/06/2026 16:13:40"
"assets\images\shapes\shape_nate_3.svg",".svg","6196","4/06/2026 16:12:17"
"assets\images\shapes\shape_nate_30.svg",".svg","10004","4/06/2026 16:13:41"
"assets\images\shapes\shape_nate_31.svg",".svg","89025","4/06/2026 16:13:42"
"assets\images\shapes\shape_nate_32.svg",".svg","54966","4/06/2026 16:13:42"
"assets\images\shapes\shape_nate_33.svg",".svg","6214","4/06/2026 16:13:40"
"assets\images\shapes\shape_nate_34.svg",".svg","6293","4/06/2026 16:13:40"
"assets\images\shapes\shape_nate_35.svg",".svg","6398","4/06/2026 16:13:41"
"assets\images\shapes\shape_nate_36.svg",".svg","6244","4/06/2026 16:14:17"
"assets\images\shapes\shape_nate_37.svg",".svg","86840","4/06/2026 16:14:01"
"assets\images\shapes\shape_nate_38.svg",".svg","6207","4/06/2026 16:14:28"
"assets\images\shapes\shape_nate_39.svg",".svg","83315","4/06/2026 16:14:25"
"assets\images\shapes\shape_nate_4.svg",".svg","85176","4/06/2026 16:12:19"
"assets\images\shapes\shape_nate_40.svg",".svg","6224","4/06/2026 16:14:32"
"assets\images\shapes\shape_nate_5.svg",".svg","85911","4/06/2026 16:13:06"
"assets\images\shapes\shape_nate_6.svg",".svg","6215","4/06/2026 16:13:06"
"assets\images\shapes\shape_nate_7.svg",".svg","6241","4/06/2026 16:11:12"
"assets\images\shapes\shape_nate_8.svg",".svg","6207","4/06/2026 16:11:12"
"assets\images\shapes\shape_nate_9.svg",".svg","86510","4/06/2026 16:11:12"
"assets\images\shapes\shape_note_1.svg",".svg","5850","4/06/2026 16:13:08"
"assets\images\shapes\shape_note_2.svg",".svg","4598","4/06/2026 16:13:07"
"assets\images\shapes\shape_pattern_1.svg",".svg","334973","4/06/2026 16:13:11"
"assets\images\shapes\shape_pattern_2.svg",".svg","334914","4/06/2026 16:13:12"
"assets\images\shapes\shape_pattern_3.svg",".svg","11388","4/06/2026 16:13:11"
"assets\images\shapes\shape_pattern_4.svg",".svg","2493","4/06/2026 16:12:51"
"assets\images\shapes\shape_pattern_5.svg",".svg","334974","4/06/2026 16:13:40"
"assets\images\shapes\shape_pattern_6.svg",".svg","334920","4/06/2026 16:13:41"
"assets\images\shapes\shape_pattern_7.svg",".svg","334830","4/06/2026 16:13:42"
"assets\images\shapes\shape_percent_1.svg",".svg","9867","4/06/2026 16:12:51"
"assets\images\site_logo\favourite_icon.webp",".webp","6784","4/06/2026 16:11:13"
"assets\images\site_logo\favourite_icon_2.svg",".svg","1041","4/06/2026 16:12:56"
"assets\images\site_logo\favourite_icon_3.svg",".svg","1041","4/06/2026 16:14:10"
"assets\images\site_logo\ins_favicon.png",".png","2387","4/06/2026 16:13:40"
"assets\images\site_logo\is_logo.svg",".svg","2520","4/06/2026 16:13:11"
"assets\images\site_logo\site_logo_black.svg",".svg","3003","4/06/2026 16:11:14"
"assets\images\site_logo\site_logo_black_2.svg",".svg","2516","4/06/2026 16:14:46"
"assets\images\site_logo\site_logo_black_3.svg",".svg","2522","4/06/2026 16:13:31"
"assets\images\site_logo\site_logo_white.svg",".svg","3001","4/06/2026 16:11:11"
"assets\images\site_logo\site_logo_white_2.svg",".svg","2516","4/06/2026 16:14:37"
"assets\images\team\team_member_image_1.webp",".webp","25366","4/06/2026 16:11:12"
"assets\images\team\team_member_image_10.webp",".webp","35156","4/06/2026 16:13:41"
"assets\images\team\team_member_image_11.webp",".webp","84534","4/06/2026 16:13:42"
"assets\images\team\team_member_image_12.webp",".webp","55772","4/06/2026 16:13:42"
"assets\images\team\team_member_image_13.webp",".webp","59530","4/06/2026 16:13:41"
"assets\images\team\team_member_image_14.webp",".webp","46616","4/06/2026 16:13:41"
"assets\images\team\team_member_image_2.webp",".webp","19666","4/06/2026 16:11:12"
"assets\images\team\team_member_image_3.webp",".webp","65382","4/06/2026 16:11:13"
"assets\images\team\team_member_image_4.webp",".webp","32014","4/06/2026 16:11:11"
"assets\images\team\team_member_image_5.webp",".webp","29538","4/06/2026 16:13:10"
"assets\images\team\team_member_image_6.webp",".webp","45106","4/06/2026 16:13:15"
"assets\images\team\team_member_image_7.webp",".webp","84738","4/06/2026 16:12:32"
"assets\images\team\team_member_image_8.webp",".webp","51042","4/06/2026 16:13:36"
"assets\images\team\team_member_image_9.webp",".webp","40948","4/06/2026 16:13:41"
"assets\js\appear.min.js",".js","1270","4/06/2026 16:11:13"
"assets\js\bootstrap-dropdown-ml-hack.min.js",".js","1117","4/06/2026 16:11:11"
"assets\js\bootstrap.min.js",".js","60635","4/06/2026 16:11:10"
"assets\js\jquery.min.js",".js","87533","4/06/2026 16:11:10"
"assets\js\magnific-popup.min.js",".js","20216","4/06/2026 16:11:10"
"assets\js\main.js",".js","8594","4/06/2026 16:11:14"
"assets\js\odometer.min.js",".js","12147","4/06/2026 16:11:12"
"assets\js\parallax-scroll.js",".js","8929","4/06/2026 16:11:13"
"assets\js\parallaxie.js",".js","2097","4/06/2026 16:11:12"
"assets\js\popper.min.js",".js","20122","4/06/2026 16:11:12"
"assets\js\swiper-bundle.min.js",".js","141190","4/06/2026 16:11:11"
"assets\js\ticker.min.js",".js","144492","4/06/2026 16:11:11"
"assets\js\wow.min.js",".js","8416","4/06/2026 16:11:13"
"assets\scss\style.scss",".scss","3143","4/06/2026 16:15:45"
"assets\scss\_fonts.scss",".scss","1004","4/06/2026 16:15:46"
"assets\scss\_reset.scss",".scss","5659","4/06/2026 16:15:48"
"assets\scss\_responsive.scss",".scss","36500","4/06/2026 16:16:31"
"assets\scss\_variable.scss",".scss","899","4/06/2026 16:15:47"
"assets\scss\components\_about.scss",".scss","4885","4/06/2026 16:16:15"
"assets\scss\components\_calltoaction.scss",".scss","800","4/06/2026 16:16:17"
"assets\scss\components\_clientlogo.scss",".scss","814","4/06/2026 16:16:13"
"assets\scss\components\_funfact.scss",".scss","3518","4/06/2026 16:16:14"
"assets\scss\components\_hero.scss",".scss","7469","4/06/2026 16:16:11"
"assets\scss\components\_imageHoverEffect.scss",".scss","1780","4/06/2026 16:16:12"
"assets\scss\components\_policy.scss",".scss","1286","4/06/2026 16:16:18"
"assets\scss\components\_pricing.scss",".scss","5901","4/06/2026 16:16:20"
"assets\scss\components\_process.scss",".scss","1995","4/06/2026 16:16:22"
"assets\scss\components\_review.scss",".scss","4689","4/06/2026 16:16:19"
"assets\scss\components\_service.scss",".scss","6742","4/06/2026 16:16:16"
"assets\scss\components\_team.scss",".scss","3005","4/06/2026 16:16:21"
"assets\scss\elements\_accordion.scss",".scss","2482","4/06/2026 16:16:00"
"assets\scss\elements\_animation.scss",".scss","1723","4/06/2026 16:15:49"
"assets\scss\elements\_authorbox.scss",".scss","2051","4/06/2026 16:16:03"
"assets\scss\elements\_backtotop.scss",".scss","722","4/06/2026 16:15:50"
"assets\scss\elements\_button.scss",".scss","3318","4/06/2026 16:15:53"
"assets\scss\elements\_carousel.scss",".scss","1418","4/06/2026 16:15:56"
"assets\scss\elements\_form.scss",".scss","5689","4/06/2026 16:15:55"
"assets\scss\elements\_iconbox.scss",".scss","2835","4/06/2026 16:16:02"
"assets\scss\elements\_imagebox.scss",".scss","1487","4/06/2026 16:16:01"
"assets\scss\elements\_list.scss",".scss","4004","4/06/2026 16:15:52"
"assets\scss\elements\_offcanvas.scss",".scss","2078","4/06/2026 16:16:06"
"assets\scss\elements\_rating.scss",".scss","567","4/06/2026 16:15:58"
"assets\scss\elements\_social.scss",".scss","2126","4/06/2026 16:15:57"
"assets\scss\elements\_space.scss",".scss","268","4/06/2026 16:15:51"
"assets\scss\elements\_table.scss",".scss","860","4/06/2026 16:16:05"
"assets\scss\elements\_typography.scss",".scss","978","4/06/2026 16:15:54"
"assets\scss\elements\_video.scss",".scss","1628","4/06/2026 16:16:04"
"assets\scss\template-parts\_footer.scss",".scss","10048","4/06/2026 16:16:08"
"assets\scss\template-parts\_header.scss",".scss","6684","4/06/2026 16:16:07"
"assets\scss\template-parts\_pageheader.scss",".scss","1483","4/06/2026 16:16:09"
"assets\scss\template-parts\_sidebar.scss",".scss","493","4/06/2026 16:16:10"
"assets\scss\templates\_blog.scss",".scss","6867","4/06/2026 16:16:23"
"assets\scss\templates\_career.scss",".scss","2649","4/06/2026 16:16:26"
"assets\scss\templates\_contact.scss",".scss","2771","4/06/2026 16:16:27"
"assets\scss\templates\_details.scss",".scss","1840","4/06/2026 16:16:25"
"assets\scss\templates\_error.scss",".scss","1077","4/06/2026 16:16:29"
"assets\scss\templates\_home.scss",".scss","8502","4/06/2026 16:16:28"
"assets\scss\templates\_project.scss",".scss","475","4/06/2026 16:16:24"
"external-assets\fonts.googleapis.com\css2--family_DM_Sans_ital_opsz_wght_0_9..40_100..1000_1_9..40_100..1000_display_swap",".1000_display_swap","4248","4/06/2026 16:15:42"
"external-assets\maps.google.com\maps--q_2880_20Broadway_20New_20York_t_z_13_ie_UTF8_iwloc_output_embed.html",".html","2224","4/06/2026 16:10:24"
"external-assets\www.youtube.com\watch--v_7e90gBu4pas.html",".html","1035893","4/06/2026 16:08:55"
