"path","extension","bytes"
"404.html",".html","24130"
"about.html",".html","42643"
"assets\css\all.min.css",".css","102033"
"assets\css\aos.css",".css","26053"
"assets\css\bootstrap.min.css",".css","232919"
"assets\css\style.css",".css","270894"
"assets\css\style.css.map",".map","53092"
"assets\css\swiper-bundle.min.css",".css","16505"
"assets\images\about\1.png",".png","35820"
"assets\images\about\3.png",".png","28260"
"assets\images\about\4.png",".png","218963"
"assets\images\about\home3\1.png",".png","30356"
"assets\images\about\home3\2.png",".png","38843"
"assets\images\about\home3\5.png",".png","7176"
"assets\images\about\home3\check.png",".png","690"
"assets\images\about\home5\2.png",".png","44716"
"assets\images\about\home5\check.png",".png","925"
"assets\images\about\icon\1.png",".png","1518"
"assets\images\about\icon\2.png",".png","2136"
"assets\images\about\icon\3.png",".png","1503"
"assets\images\account\1.png",".png","114984"
"assets\images\banner\home1\1.png",".png","74601"
"assets\images\banner\home1\3.png",".png","5274"
"assets\images\banner\home1\4.png",".png","1594"
"assets\images\banner\home1\bg.png",".png","736117"
"assets\images\banner\home2\1.png",".png","41343"
"assets\images\banner\home2\bg.png",".png","238406"
"assets\images\banner\home3\1.png",".png","289225"
"assets\images\banner\home3\2.png",".png","4821"
"assets\images\banner\home4\1.png",".png","497640"
"assets\images\banner\home4\2.png",".png","5415"
"assets\images\banner\home4\icon\1.png",".png","3805"
"assets\images\banner\home4\icon\2.png",".png","2983"
"assets\images\banner\home4\icon\3.png",".png","3565"
"assets\images\banner\home4\icon\4.png",".png","3052"
"assets\images\banner\home5\1.png",".png","191787"
"assets\images\banner\home5\2.png",".png","104170"
"assets\images\banner\home5\bg.svg",".svg","612"
"assets\images\banner\shape\1.png",".png","8116"
"assets\images\banner\shape\2.png",".png","3321"
"assets\images\banner\shape\3.png",".png","6245"
"assets\images\banner\shape\4.png",".png","5980"
"assets\images\bg\1.png",".png","152857"
"assets\images\blog\1.png",".png","30112"
"assets\images\blog\2.png",".png","29778"
"assets\images\blog\3.png",".png","20217"
"assets\images\blog\4.png",".png","76094"
"assets\images\blog\5.png",".png","50494"
"assets\images\blog\6.png",".png","26678"
"assets\images\blog\7.png",".png","30741"
"assets\images\blog\8.png",".png","28611"
"assets\images\blog\9.png",".png","28632"
"assets\images\blog\author\1.png",".png","3072"
"assets\images\blog\author\2.png",".png","2224"
"assets\images\blog\author\3.png",".png","3246"
"assets\images\blog\author\4.png",".png","4259"
"assets\images\blog\author\5.png",".png","4186"
"assets\images\blog\author\6.png",".png","3881"
"assets\images\blog\author\7.png",".png","3977"
"assets\images\blog\author\8.png",".png","4191"
"assets\images\blog\author\9.png",".png","3861"
"assets\images\blog\bg.png",".png","25200"
"assets\images\blog\details\1.png",".png","318712"
"assets\images\blog\details\2.png",".png","134729"
"assets\images\blog\details\3.png",".png","141912"
"assets\images\blog\icon\1.png",".png","748"
"assets\images\blog\icon\2.png",".png","420"
"assets\images\blog\icon\3.png",".png","593"
"assets\images\blog\recent\1.png",".png","7803"
"assets\images\blog\recent\2.png",".png","8320"
"assets\images\blog\recent\3.png",".png","10397"
"assets\images\blog\recent\4.png",".png","7124"
"assets\images\blog\user\1.png",".png","3553"
"assets\images\blog\user\2.png",".png","3931"
"assets\images\blog\user\3.png",".png","5163"
"assets\images\blog\user\4.png",".png","5525"
"assets\images\blog\user\replay.svg",".svg","272"
"assets\images\contact\1.png",".png","649"
"assets\images\contact\2.png",".png","465"
"assets\images\contact\3.png",".png","692"
"assets\images\contact\4.png",".png","4821"
"assets\images\cta\2.png",".png","5292"
"assets\images\cta\3.png",".png","58601"
"assets\images\cta\4.png",".png","23545"
"assets\images\cta\5.png",".png","7514"
"assets\images\demo\1.png",".png","43602"
"assets\images\demo\1-dark.png",".png","40351"
"assets\images\demo\2.png",".png","37593"
"assets\images\demo\2-dark.png",".png","34539"
"assets\images\demo\3.png",".png","32874"
"assets\images\demo\3-dark.png",".png","31448"
"assets\images\demo\4.png",".png","50213"
"assets\images\demo\4-dark.png",".png","47991"
"assets\images\demo\5.png",".png","24114"
"assets\images\demo\5-dark.png",".png","24521"
"assets\images\demo\new.png",".png","16162"
"assets\images\favicon.png",".png","690"
"assets\images\feature\1.png",".png","24744"
"assets\images\feature\2.png",".png","44337"
"assets\images\feature\5.png",".png","3770"
"assets\images\feature\6.png",".png","3808"
"assets\images\feature\7.png",".png","3772"
"assets\images\feature\8.png",".png","3778"
"assets\images\feature\home3\1.png",".png","29164"
"assets\images\feature\home3\2.png",".png","30729"
"assets\images\feature\home3\3.png",".png","29584"
"assets\images\feature\home3\5.png",".png","6327"
"assets\images\feature\home3\bg.png",".png","213346"
"assets\images\feature\shape\1.png",".png","4902"
"assets\images\footer\1.png",".png","3357"
"assets\images\footer\apple.png",".png","426"
"assets\images\footer\play.png",".png","694"
"assets\images\header\1.png",".png","87578"
"assets\images\header\2.png",".png","12783"
"assets\images\icon\1.png",".png","8116"
"assets\images\icon\2.png",".png","399"
"assets\images\icon\check.svg",".svg","797"
"assets\images\icon\check1.svg",".svg","704"
"assets\images\icon\moon.svg",".svg","520"
"assets\images\icon\shape\1.png",".png","7129"
"assets\images\icon\shape\2.png",".png","5383"
"assets\images\icon\shape\3.png",".png","8430"
"assets\images\icon\shape\4.png",".png","8487"
"assets\images\logo\logo.png",".png","2702"
"assets\images\logo\Logo-2-dark.png",".png","2181"
"assets\images\logo\logo-dark.png",".png","2095"
"assets\images\logo\preloader.png",".png","1639"
"assets\images\others\1.png",".png","28673"
"assets\images\others\2.png",".png","3079"
"assets\images\others\3.png",".png","30413"
"assets\images\others\4.png",".png","36507"
"assets\images\others\error.png",".png","49053"
"assets\images\others\google.svg",".svg","1249"
"assets\images\partner\home5\1.png",".png","2299"
"assets\images\partner\home5\2.png",".png","2364"
"assets\images\partner\home5\3.png",".png","2902"
"assets\images\partner\home5\4.png",".png","1141"
"assets\images\partner\home5\5.png",".png","2494"
"assets\images\partner\home5\6.png",".png","2798"
"assets\images\partner\light\1.png",".png","2041"
"assets\images\partner\light\2.png",".png","3115"
"assets\images\partner\light\3.png",".png","1905"
"assets\images\partner\light\4.png",".png","2061"
"assets\images\partner\light\5.png",".png","2280"
"assets\images\pricing\bg.png",".png","134193"
"assets\images\service\1.png",".png","1538"
"assets\images\service\2.png",".png","850"
"assets\images\service\3.png",".png","1790"
"assets\images\service\4.png",".png","1804"
"assets\images\service\5.png",".png","1195"
"assets\images\service\6.png",".png","2548"
"assets\images\service\bg.png",".png","77374"
"assets\images\service\home5\1.png",".png","1441"
"assets\images\service\home5\2.png",".png","847"
"assets\images\service\home5\3.png",".png","1860"
"assets\images\service\home5\4.png",".png","1741"
"assets\images\service\home5\5.png",".png","1182"
"assets\images\service\home5\6.png",".png","2403"
"assets\images\team\1.png",".png","93104"
"assets\images\team\2.png",".png","60065"
"assets\images\team\3.png",".png","87010"
"assets\images\team\4.png",".png","81630"
"assets\images\team\5.png",".png","93070"
"assets\images\team\6.png",".png","77658"
"assets\images\team\7.png",".png","94138"
"assets\images\team\8.png",".png","84315"
"assets\images\team\home2\1.png",".png","107905"
"assets\images\team\home2\2.png",".png","75251"
"assets\images\team\home2\3.png",".png","107236"
"assets\images\team\home2\4.png",".png","113648"
"assets\images\team\home2\5.png",".png","120009"
"assets\images\team\home2\6.png",".png","98885"
"assets\images\team\home2\7.png",".png","113899"
"assets\images\team\home2\8.png",".png","106016"
"assets\images\team\other\1.png",".png","93104"
"assets\images\team\other\2.png",".png","60065"
"assets\images\team-details\1.png",".png","48747"
"assets\images\testimonial\1.png",".png","5094"
"assets\images\testimonial\2.png",".png","5309"
"assets\images\testimonial\3.png",".png","4952"
"assets\images\testimonial\4.png",".png","5794"
"assets\images\testimonial\5.png",".png","5515"
"assets\images\testimonial\6.png",".png","5340"
"assets\js\all.min.js",".js","1472380"
"assets\js\aos.js",".js","14239"
"assets\js\bootstrap.bundle.min.js",".js","80427"
"assets\js\custom.js",".js","11315"
"assets\js\fslightbox.js",".js","30524"
"assets\js\purecounter_vanilla.js",".js","5417"
"assets\js\swiper-bundle.min.js",".js","143719"
"assets\sass\abstracts\_extends.scss",".scss","6675"
"assets\sass\abstracts\_functions.scss",".scss","1636"
"assets\sass\abstracts\_mixins.scss",".scss","7701"
"assets\sass\abstracts\_variables.scss",".scss","16647"
"assets\sass\base\_animations.scss",".scss","2082"
"assets\sass\base\_common.scss",".scss","10690"
"assets\sass\base\_fonts.scss",".scss","443"
"assets\sass\base\_helpers.scss",".scss","4683"
"assets\sass\base\_typography.scss",".scss","1003"
"assets\sass\components\_about.scss",".scss","10810"
"assets\sass\components\_accordion.scss",".scss","4830"
"assets\sass\components\_blog.scss",".scss","6685"
"assets\sass\components\_blog-details.scss",".scss","2912"
"assets\sass\components\_button.scss",".scss","12873"
"assets\sass\components\_comment.scss",".scss","1681"
"assets\sass\components\_counter.scss",".scss","897"
"assets\sass\components\_cta.scss",".scss","5468"
"assets\sass\components\_error.scss",".scss","715"
"assets\sass\components\_faq.scss",".scss","3682"
"assets\sass\components\_feature.scss",".scss","7603"
"assets\sass\components\_foating-content.scss",".scss","10886"
"assets\sass\components\_lightdark-switch.scss",".scss","1805"
"assets\sass\components\_nav.scss",".scss","732"
"assets\sass\components\_partner.scss",".scss","1572"
"assets\sass\components\_preloader.scss",".scss","346"
"assets\sass\components\_pricing.scss",".scss","11062"
"assets\sass\components\_roadmap.scss",".scss","11725"
"assets\sass\components\_service.scss",".scss","7323"
"assets\sass\components\_servicer-details.scss",".scss","929"
"assets\sass\components\_sidebar.scss",".scss","8398"
"assets\sass\components\_social-link.scss",".scss","8014"
"assets\sass\components\_story.scss",".scss","3300"
"assets\sass\components\_team.scss",".scss","8846"
"assets\sass\components\_testimonial.scss",".scss","6951"
"assets\sass\layout\_account.scss",".scss","5239"
"assets\sass\layout\_banner.scss",".scss","33113"
"assets\sass\layout\_contact.scss",".scss","5224"
"assets\sass\layout\_footer.scss",".scss","12549"
"assets\sass\layout\_form.scss",".scss","1973"
"assets\sass\layout\_header.scss",".scss","17388"
"assets\sass\style.scss",".scss","2899"
"assets\sass\themes\_theme.scss",".scss","7647"
"assets\sass\vendors\_normalize.scss",".scss","6574"
"assets\sass\vendors\_rfs.scss",".scss","9282"
"assets\webfonts\fa-brands-400.ttf",".ttf","187448"
"assets\webfonts\fa-brands-400.woff2",".woff2","108000"
"assets\webfonts\fa-regular-400.ttf",".ttf","63728"
"assets\webfonts\fa-regular-400.woff2",".woff2","24840"
"assets\webfonts\fa-solid-900.ttf",".ttf","394832"
"assets\webfonts\fa-solid-900.woff2",".woff2","149908"
"assets\webfonts\fa-v4compatibility.ttf",".ttf","10172"
"assets\webfonts\fa-v4compatibility.woff2",".woff2","4536"
"blog-details.html",".html","46159"
"blogs.html",".html","36997"
"blog-sidebar.html",".html","41882"
"contact.html",".html","28831"
"downloaded-files.csv",".csv","40747"
"failed-downloads.csv",".csv","461"
"forgot-pass.html",".html","25204"
"forgot-pass-2.html",".html","18021"
"index.html",".html","88657"
"index-2.html",".html","85142"
"index-2--theme_dark.html",".html","85142"
"index-2--theme_light.html",".html","85142"
"index-3.html",".html","68764"
"index-3--theme_dark.html",".html","68764"
"index-3--theme_light.html",".html","68764"
"index-4.html",".html","70679"
"index-4--theme_dark.html",".html","70679"
"index-4--theme_light.html",".html","70679"
"index-5.html",".html","69247"
"index-5--theme_dark.html",".html","69247"
"index-5--theme_light.html",".html","69247"
"index--theme_dark.html",".html","88657"
"index--theme_light.html",".html","88657"
"local-files.csv",".csv","0"
"price.html",".html","37378"
"service-details.html",".html","38151"
"services.html",".html","36210"
"signin.html",".html","26659"
"signin-2.html",".html","20207"
"signup.html",".html","27305"
"signup-2.html",".html","20906"
"team.html",".html","36927"
"team-2.html",".html","49393"
"team-details.html",".html","27507"
