"url","path","bytes"
"https://html.awaikenthemes.com/leadz/404.html","docs\trading-on-wheels\reference-downloads\leadz-awaiken-public-demo\404.html","15109"
"https://html.awaikenthemes.com/leadz/about.html","docs\trading-on-wheels\reference-downloads\leadz-awaiken-public-demo\about.html","76761"
"https://html.awaikenthemes.com/leadz/blog.html","docs\trading-on-wheels\reference-downloads\leadz-awaiken-public-demo\blog.html","27128"
"https://html.awaikenthemes.com/leadz/blog-single.html","docs\trading-on-wheels\reference-downloads\leadz-awaiken-public-demo\blog-single.html","20638"
"https://html.awaikenthemes.com/leadz/case-study.html","docs\trading-on-wheels\reference-downloads\leadz-awaiken-public-demo\case-study.html","24111"
"https://html.awaikenthemes.com/leadz/case-study-single.html","docs\trading-on-wheels\reference-downloads\leadz-awaiken-public-demo\case-study-single.html","23153"
"https://html.awaikenthemes.com/leadz/client.html","docs\trading-on-wheels\reference-downloads\leadz-awaiken-public-demo\client.html","25688"
"https://html.awaikenthemes.com/leadz/contact.html","docs\trading-on-wheels\reference-downloads\leadz-awaiken-public-demo\contact.html","21612"
"https://html.awaikenthemes.com/leadz/css/all.css","docs\trading-on-wheels\reference-downloads\leadz-awaiken-public-demo\css\all.css","132659"
"https://html.awaikenthemes.com/leadz/css/animate.css","docs\trading-on-wheels\reference-downloads\leadz-awaiken-public-demo\css\animate.css","76809"
"https://html.awaikenthemes.com/leadz/css/bootstrap.min.css","docs\trading-on-wheels\reference-downloads\leadz-awaiken-public-demo\css\bootstrap.min.css","232803"
"https://html.awaikenthemes.com/leadz/css/custom.css","docs\trading-on-wheels\reference-downloads\leadz-awaiken-public-demo\css\custom.css","119869"
"https://html.awaikenthemes.com/leadz/css/magnific-popup.css","docs\trading-on-wheels\reference-downloads\leadz-awaiken-public-demo\css\magnific-popup.css","6951"
"https://html.awaikenthemes.com/leadz/css/mousecursor.css","docs\trading-on-wheels\reference-downloads\leadz-awaiken-public-demo\css\mousecursor.css","6914"
"https://html.awaikenthemes.com/leadz/css/slicknav.min.css","docs\trading-on-wheels\reference-downloads\leadz-awaiken-public-demo\css\slicknav.min.css","2505"
"https://html.awaikenthemes.com/leadz/css/swiper-bundle.min.css","docs\trading-on-wheels\reference-downloads\leadz-awaiken-public-demo\css\swiper-bundle.min.css","18441"
"https://demo.awaikenthemes.com/assets/js/theme-panel.js","docs\trading-on-wheels\reference-downloads\leadz-awaiken-public-demo\external\demo.awaikenthemes.com\assets\js\theme-panel.js","66697"
"https://demo.awaikenthemes.com/assets/videos/leadz-video.mp4","docs\trading-on-wheels\reference-downloads\leadz-awaiken-public-demo\external\demo.awaikenthemes.com\assets\videos\leadz-video.mp4","2978329"
"https://html.awaikenthemes.com/leadz/faqs.html","docs\trading-on-wheels\reference-downloads\leadz-awaiken-public-demo\faqs.html","29427"
"https://html.awaikenthemes.com/leadz/history.html","docs\trading-on-wheels\reference-downloads\leadz-awaiken-public-demo\history.html","20902"
"https://html.awaikenthemes.com/leadz/image-gallery.html","docs\trading-on-wheels\reference-downloads\leadz-awaiken-public-demo\image-gallery.html","19460"
"https://html.awaikenthemes.com/leadz/images/404-error-img.png","docs\trading-on-wheels\reference-downloads\leadz-awaiken-public-demo\images\404-error-img.png","63612"
"https://html.awaikenthemes.com/leadz/images/about-approach-chart.jpg","docs\trading-on-wheels\reference-downloads\leadz-awaiken-public-demo\images\about-approach-chart.jpg","31231"
"https://html.awaikenthemes.com/leadz/images/about-approach-progress-circle.png","docs\trading-on-wheels\reference-downloads\leadz-awaiken-public-demo\images\about-approach-progress-circle.png","2977"
"https://html.awaikenthemes.com/leadz/images/approach-bg-shape.svg","docs\trading-on-wheels\reference-downloads\leadz-awaiken-public-demo\images\approach-bg-shape.svg","1340"
"https://html.awaikenthemes.com/leadz/images/approach-image-1.png","docs\trading-on-wheels\reference-downloads\leadz-awaiken-public-demo\images\approach-image-1.png","20521"
"https://html.awaikenthemes.com/leadz/images/approach-image-2.png","docs\trading-on-wheels\reference-downloads\leadz-awaiken-public-demo\images\approach-image-2.png","59146"
"https://html.awaikenthemes.com/leadz/images/approach-image-3.png","docs\trading-on-wheels\reference-downloads\leadz-awaiken-public-demo\images\approach-image-3.png","102363"
"https://html.awaikenthemes.com/leadz/images/approach-image-4.png","docs\trading-on-wheels\reference-downloads\leadz-awaiken-public-demo\images\approach-image-4.png","88190"
"https://html.awaikenthemes.com/leadz/images/approach-investment-img.png","docs\trading-on-wheels\reference-downloads\leadz-awaiken-public-demo\images\approach-investment-img.png","4167"
"https://html.awaikenthemes.com/leadz/images/asterisk-icon.svg","docs\trading-on-wheels\reference-downloads\leadz-awaiken-public-demo\images\asterisk-icon.svg","455"
"https://html.awaikenthemes.com/leadz/images/author-1.jpg","docs\trading-on-wheels\reference-downloads\leadz-awaiken-public-demo\images\author-1.jpg","12338"
"https://html.awaikenthemes.com/leadz/images/benefits-item-image-1.png","docs\trading-on-wheels\reference-downloads\leadz-awaiken-public-demo\images\benefits-item-image-1.png","12692"
"https://html.awaikenthemes.com/leadz/images/benefits-item-image-2.png","docs\trading-on-wheels\reference-downloads\leadz-awaiken-public-demo\images\benefits-item-image-2.png","5811"
"https://html.awaikenthemes.com/leadz/images/benefits-item-image-3.png","docs\trading-on-wheels\reference-downloads\leadz-awaiken-public-demo\images\benefits-item-image-3.png","37413"
"https://html.awaikenthemes.com/leadz/images/benefits-item-image-4.png","docs\trading-on-wheels\reference-downloads\leadz-awaiken-public-demo\images\benefits-item-image-4.png","14895"
"https://html.awaikenthemes.com/leadz/images/case-study-img-1.jpg","docs\trading-on-wheels\reference-downloads\leadz-awaiken-public-demo\images\case-study-img-1.jpg","194927"
"https://html.awaikenthemes.com/leadz/images/case-study-img-2.jpg","docs\trading-on-wheels\reference-downloads\leadz-awaiken-public-demo\images\case-study-img-2.jpg","184401"
"https://html.awaikenthemes.com/leadz/images/case-study-img-3.jpg","docs\trading-on-wheels\reference-downloads\leadz-awaiken-public-demo\images\case-study-img-3.jpg","204277"
"https://html.awaikenthemes.com/leadz/images/case-study-img-4.jpg","docs\trading-on-wheels\reference-downloads\leadz-awaiken-public-demo\images\case-study-img-4.jpg","205547"
"https://html.awaikenthemes.com/leadz/images/case-study-img-5.jpg","docs\trading-on-wheels\reference-downloads\leadz-awaiken-public-demo\images\case-study-img-5.jpg","199889"
"https://html.awaikenthemes.com/leadz/images/case-study-img-6.jpg","docs\trading-on-wheels\reference-downloads\leadz-awaiken-public-demo\images\case-study-img-6.jpg","183268"
"https://html.awaikenthemes.com/leadz/images/company-history-img-1.jpg","docs\trading-on-wheels\reference-downloads\leadz-awaiken-public-demo\images\company-history-img-1.jpg","137246"
"https://html.awaikenthemes.com/leadz/images/company-history-img-2.jpg","docs\trading-on-wheels\reference-downloads\leadz-awaiken-public-demo\images\company-history-img-2.jpg","148858"
"https://html.awaikenthemes.com/leadz/images/company-history-img-3.jpg","docs\trading-on-wheels\reference-downloads\leadz-awaiken-public-demo\images\company-history-img-3.jpg","131693"
"https://html.awaikenthemes.com/leadz/images/company-history-img-4.jpg","docs\trading-on-wheels\reference-downloads\leadz-awaiken-public-demo\images\company-history-img-4.jpg","150463"
"https://html.awaikenthemes.com/leadz/images/company-history-img-5.jpg","docs\trading-on-wheels\reference-downloads\leadz-awaiken-public-demo\images\company-history-img-5.jpg","137093"
"https://html.awaikenthemes.com/leadz/images/company-logo-1.svg","docs\trading-on-wheels\reference-downloads\leadz-awaiken-public-demo\images\company-logo-1.svg","4985"
"https://html.awaikenthemes.com/leadz/images/company-logo-2.svg","docs\trading-on-wheels\reference-downloads\leadz-awaiken-public-demo\images\company-logo-2.svg","8048"
"https://html.awaikenthemes.com/leadz/images/company-logo-3.svg","docs\trading-on-wheels\reference-downloads\leadz-awaiken-public-demo\images\company-logo-3.svg","6972"
"https://html.awaikenthemes.com/leadz/images/company-logo-4.svg","docs\trading-on-wheels\reference-downloads\leadz-awaiken-public-demo\images\company-logo-4.svg","6416"
"https://html.awaikenthemes.com/leadz/images/company-logo-5.svg","docs\trading-on-wheels\reference-downloads\leadz-awaiken-public-demo\images\company-logo-5.svg","8156"
"https://html.awaikenthemes.com/leadz/images/company-logo-6.svg","docs\trading-on-wheels\reference-downloads\leadz-awaiken-public-demo\images\company-logo-6.svg","11272"
"https://html.awaikenthemes.com/leadz/images/company-logo-7.svg","docs\trading-on-wheels\reference-downloads\leadz-awaiken-public-demo\images\company-logo-7.svg","13221"
"https://html.awaikenthemes.com/leadz/images/company-logo-8.svg","docs\trading-on-wheels\reference-downloads\leadz-awaiken-public-demo\images\company-logo-8.svg","8655"
"https://html.awaikenthemes.com/leadz/images/company-logo-9.svg","docs\trading-on-wheels\reference-downloads\leadz-awaiken-public-demo\images\company-logo-9.svg","11265"
"https://html.awaikenthemes.com/leadz/images/company-success-chart.jpg","docs\trading-on-wheels\reference-downloads\leadz-awaiken-public-demo\images\company-success-chart.jpg","20432"
"https://html.awaikenthemes.com/leadz/images/company-success-image.jpg","docs\trading-on-wheels\reference-downloads\leadz-awaiken-public-demo\images\company-success-image.jpg","371951"
"https://html.awaikenthemes.com/leadz/images/company-wisdom-bg.svg","docs\trading-on-wheels\reference-downloads\leadz-awaiken-public-demo\images\company-wisdom-bg.svg","173974"
"https://html.awaikenthemes.com/leadz/images/company-wisdom-img-1.jpg","docs\trading-on-wheels\reference-downloads\leadz-awaiken-public-demo\images\company-wisdom-img-1.jpg","73678"
"https://html.awaikenthemes.com/leadz/images/company-wisdom-img-2.jpg","docs\trading-on-wheels\reference-downloads\leadz-awaiken-public-demo\images\company-wisdom-img-2.jpg","101288"
"https://html.awaikenthemes.com/leadz/images/company-wisdom-img-3.jpg","docs\trading-on-wheels\reference-downloads\leadz-awaiken-public-demo\images\company-wisdom-img-3.jpg","91600"
"https://html.awaikenthemes.com/leadz/images/company-wisdom-img-4.jpg","docs\trading-on-wheels\reference-downloads\leadz-awaiken-public-demo\images\company-wisdom-img-4.jpg","92755"
"https://html.awaikenthemes.com/leadz/images/cta-box-image.jpg","docs\trading-on-wheels\reference-downloads\leadz-awaiken-public-demo\images\cta-box-image.jpg","84904"
"https://html.awaikenthemes.com/leadz/images/expertise-financial-img.jpg","docs\trading-on-wheels\reference-downloads\leadz-awaiken-public-demo\images\expertise-financial-img.jpg","358720"
"https://html.awaikenthemes.com/leadz/images/faqs-client-logo-1.svg","docs\trading-on-wheels\reference-downloads\leadz-awaiken-public-demo\images\faqs-client-logo-1.svg","10433"
"https://html.awaikenthemes.com/leadz/images/faqs-client-logo-2.svg","docs\trading-on-wheels\reference-downloads\leadz-awaiken-public-demo\images\faqs-client-logo-2.svg","5214"
"https://html.awaikenthemes.com/leadz/images/faqs-client-logo-3.svg","docs\trading-on-wheels\reference-downloads\leadz-awaiken-public-demo\images\faqs-client-logo-3.svg","4431"
"https://html.awaikenthemes.com/leadz/images/faqs-client-logo-4.svg","docs\trading-on-wheels\reference-downloads\leadz-awaiken-public-demo\images\faqs-client-logo-4.svg","5225"
"https://html.awaikenthemes.com/leadz/images/faqs-client-logo-5.svg","docs\trading-on-wheels\reference-downloads\leadz-awaiken-public-demo\images\faqs-client-logo-5.svg","5210"
"https://html.awaikenthemes.com/leadz/images/favicon.png","docs\trading-on-wheels\reference-downloads\leadz-awaiken-public-demo\images\favicon.png","2735"
"https://html.awaikenthemes.com/leadz/images/features-image.jpg","docs\trading-on-wheels\reference-downloads\leadz-awaiken-public-demo\images\features-image.jpg","152671"
"https://html.awaikenthemes.com/leadz/images/footer-logo.svg","docs\trading-on-wheels\reference-downloads\leadz-awaiken-public-demo\images\footer-logo.svg","6543"
"https://html.awaikenthemes.com/leadz/images/gallery-1.jpg","docs\trading-on-wheels\reference-downloads\leadz-awaiken-public-demo\images\gallery-1.jpg","218469"
"https://html.awaikenthemes.com/leadz/images/gallery-2.jpg","docs\trading-on-wheels\reference-downloads\leadz-awaiken-public-demo\images\gallery-2.jpg","209155"
"https://html.awaikenthemes.com/leadz/images/gallery-3.jpg","docs\trading-on-wheels\reference-downloads\leadz-awaiken-public-demo\images\gallery-3.jpg","209682"
"https://html.awaikenthemes.com/leadz/images/gallery-4.jpg","docs\trading-on-wheels\reference-downloads\leadz-awaiken-public-demo\images\gallery-4.jpg","171483"
"https://html.awaikenthemes.com/leadz/images/gallery-5.jpg","docs\trading-on-wheels\reference-downloads\leadz-awaiken-public-demo\images\gallery-5.jpg","219406"
"https://html.awaikenthemes.com/leadz/images/gallery-6.jpg","docs\trading-on-wheels\reference-downloads\leadz-awaiken-public-demo\images\gallery-6.jpg","179232"
"https://html.awaikenthemes.com/leadz/images/gallery-7.jpg","docs\trading-on-wheels\reference-downloads\leadz-awaiken-public-demo\images\gallery-7.jpg","202468"
"https://html.awaikenthemes.com/leadz/images/gallery-8.jpg","docs\trading-on-wheels\reference-downloads\leadz-awaiken-public-demo\images\gallery-8.jpg","182816"
"https://html.awaikenthemes.com/leadz/images/gallery-9.jpg","docs\trading-on-wheels\reference-downloads\leadz-awaiken-public-demo\images\gallery-9.jpg","185797"
"https://html.awaikenthemes.com/leadz/images/hero-bg.jpg","docs\trading-on-wheels\reference-downloads\leadz-awaiken-public-demo\images\hero-bg.jpg","246361"
"https://html.awaikenthemes.com/leadz/images/hero-bg-2.jpg","docs\trading-on-wheels\reference-downloads\leadz-awaiken-public-demo\images\hero-bg-2.jpg","253833"
"https://html.awaikenthemes.com/leadz/images/hero-image.jpg","docs\trading-on-wheels\reference-downloads\leadz-awaiken-public-demo\images\hero-image.jpg","262428"
"https://html.awaikenthemes.com/leadz/images/icon-about-company-1.svg","docs\trading-on-wheels\reference-downloads\leadz-awaiken-public-demo\images\icon-about-company-1.svg","6460"
"https://html.awaikenthemes.com/leadz/images/icon-about-company-2.svg","docs\trading-on-wheels\reference-downloads\leadz-awaiken-public-demo\images\icon-about-company-2.svg","7852"
"https://html.awaikenthemes.com/leadz/images/icon-about-company-3.svg","docs\trading-on-wheels\reference-downloads\leadz-awaiken-public-demo\images\icon-about-company-3.svg","15066"
"https://html.awaikenthemes.com/leadz/images/icon-arrow.svg","docs\trading-on-wheels\reference-downloads\leadz-awaiken-public-demo\images\icon-arrow.svg","1257"
"https://html.awaikenthemes.com/leadz/images/icon-blockquote.svg","docs\trading-on-wheels\reference-downloads\leadz-awaiken-public-demo\images\icon-blockquote.svg","965"
"https://html.awaikenthemes.com/leadz/images/icon-company-history.svg","docs\trading-on-wheels\reference-downloads\leadz-awaiken-public-demo\images\icon-company-history.svg","5096"
"https://html.awaikenthemes.com/leadz/images/icon-contact-btn.svg","docs\trading-on-wheels\reference-downloads\leadz-awaiken-public-demo\images\icon-contact-btn.svg","4190"
"https://html.awaikenthemes.com/leadz/images/icon-email.svg","docs\trading-on-wheels\reference-downloads\leadz-awaiken-public-demo\images\icon-email.svg","832"
"https://html.awaikenthemes.com/leadz/images/icon-expertise-list-1.svg","docs\trading-on-wheels\reference-downloads\leadz-awaiken-public-demo\images\icon-expertise-list-1.svg","9896"
"https://html.awaikenthemes.com/leadz/images/icon-expertise-list-2.svg","docs\trading-on-wheels\reference-downloads\leadz-awaiken-public-demo\images\icon-expertise-list-2.svg","12874"
"https://html.awaikenthemes.com/leadz/images/icon-expertise-list-3.svg","docs\trading-on-wheels\reference-downloads\leadz-awaiken-public-demo\images\icon-expertise-list-3.svg","17431"
"https://html.awaikenthemes.com/leadz/images/icon-features-1.svg","docs\trading-on-wheels\reference-downloads\leadz-awaiken-public-demo\images\icon-features-1.svg","6714"
"https://html.awaikenthemes.com/leadz/images/icon-features-2.svg","docs\trading-on-wheels\reference-downloads\leadz-awaiken-public-demo\images\icon-features-2.svg","12881"
"https://html.awaikenthemes.com/leadz/images/icon-features-3.svg","docs\trading-on-wheels\reference-downloads\leadz-awaiken-public-demo\images\icon-features-3.svg","6709"
"https://html.awaikenthemes.com/leadz/images/icon-location.svg","docs\trading-on-wheels\reference-downloads\leadz-awaiken-public-demo\images\icon-location.svg","1856"
"https://html.awaikenthemes.com/leadz/images/icon-phone.svg","docs\trading-on-wheels\reference-downloads\leadz-awaiken-public-demo\images\icon-phone.svg","4166"
"https://html.awaikenthemes.com/leadz/images/icon-project-detail-1.svg","docs\trading-on-wheels\reference-downloads\leadz-awaiken-public-demo\images\icon-project-detail-1.svg","8151"
"https://html.awaikenthemes.com/leadz/images/icon-project-detail-2.svg","docs\trading-on-wheels\reference-downloads\leadz-awaiken-public-demo\images\icon-project-detail-2.svg","3850"
"https://html.awaikenthemes.com/leadz/images/icon-project-detail-3.svg","docs\trading-on-wheels\reference-downloads\leadz-awaiken-public-demo\images\icon-project-detail-3.svg","2293"
"https://html.awaikenthemes.com/leadz/images/icon-project-detail-4.svg","docs\trading-on-wheels\reference-downloads\leadz-awaiken-public-demo\images\icon-project-detail-4.svg","4524"
"https://html.awaikenthemes.com/leadz/images/icon-project-detail-5.svg","docs\trading-on-wheels\reference-downloads\leadz-awaiken-public-demo\images\icon-project-detail-5.svg","1113"
"https://html.awaikenthemes.com/leadz/images/icon-quality-project-1.svg","docs\trading-on-wheels\reference-downloads\leadz-awaiken-public-demo\images\icon-quality-project-1.svg","15268"
"https://html.awaikenthemes.com/leadz/images/icon-quality-project-2.svg","docs\trading-on-wheels\reference-downloads\leadz-awaiken-public-demo\images\icon-quality-project-2.svg","13139"
"https://html.awaikenthemes.com/leadz/images/icon-quality-project-3.svg","docs\trading-on-wheels\reference-downloads\leadz-awaiken-public-demo\images\icon-quality-project-3.svg","2651"
"https://html.awaikenthemes.com/leadz/images/icon-quesion-mark.svg","docs\trading-on-wheels\reference-downloads\leadz-awaiken-public-demo\images\icon-quesion-mark.svg","1226"
"https://html.awaikenthemes.com/leadz/images/icon-sub-heading-accent.svg","docs\trading-on-wheels\reference-downloads\leadz-awaiken-public-demo\images\icon-sub-heading-accent.svg","492"
"https://html.awaikenthemes.com/leadz/images/icon-sub-heading-primary.svg","docs\trading-on-wheels\reference-downloads\leadz-awaiken-public-demo\images\icon-sub-heading-primary.svg","451"
"https://html.awaikenthemes.com/leadz/images/icon-topbar-info.svg","docs\trading-on-wheels\reference-downloads\leadz-awaiken-public-demo\images\icon-topbar-info.svg","4176"
"https://html.awaikenthemes.com/leadz/images/loader.svg","docs\trading-on-wheels\reference-downloads\leadz-awaiken-public-demo\images\loader.svg","2021"
"https://html.awaikenthemes.com/leadz/images/logo.svg","docs\trading-on-wheels\reference-downloads\leadz-awaiken-public-demo\images\logo.svg","6545"
"https://html.awaikenthemes.com/leadz/images/payment-method-image.png","docs\trading-on-wheels\reference-downloads\leadz-awaiken-public-demo\images\payment-method-image.png","6568"
"https://html.awaikenthemes.com/leadz/images/post-1.jpg","docs\trading-on-wheels\reference-downloads\leadz-awaiken-public-demo\images\post-1.jpg","220532"
"https://html.awaikenthemes.com/leadz/images/post-2.jpg","docs\trading-on-wheels\reference-downloads\leadz-awaiken-public-demo\images\post-2.jpg","221386"
"https://html.awaikenthemes.com/leadz/images/post-3.jpg","docs\trading-on-wheels\reference-downloads\leadz-awaiken-public-demo\images\post-3.jpg","190684"
"https://html.awaikenthemes.com/leadz/images/post-4.jpg","docs\trading-on-wheels\reference-downloads\leadz-awaiken-public-demo\images\post-4.jpg","187698"
"https://html.awaikenthemes.com/leadz/images/post-5.jpg","docs\trading-on-wheels\reference-downloads\leadz-awaiken-public-demo\images\post-5.jpg","183365"
"https://html.awaikenthemes.com/leadz/images/post-6.jpg","docs\trading-on-wheels\reference-downloads\leadz-awaiken-public-demo\images\post-6.jpg","185512"
"https://html.awaikenthemes.com/leadz/images/project-1.jpg","docs\trading-on-wheels\reference-downloads\leadz-awaiken-public-demo\images\project-1.jpg","213644"
"https://html.awaikenthemes.com/leadz/images/project-2.jpg","docs\trading-on-wheels\reference-downloads\leadz-awaiken-public-demo\images\project-2.jpg","223453"
"https://html.awaikenthemes.com/leadz/images/project-3.jpg","docs\trading-on-wheels\reference-downloads\leadz-awaiken-public-demo\images\project-3.jpg","174299"
"https://html.awaikenthemes.com/leadz/images/project-4.jpg","docs\trading-on-wheels\reference-downloads\leadz-awaiken-public-demo\images\project-4.jpg","183584"
"https://html.awaikenthemes.com/leadz/images/project-5.jpg","docs\trading-on-wheels\reference-downloads\leadz-awaiken-public-demo\images\project-5.jpg","217792"
"https://html.awaikenthemes.com/leadz/images/project-6.jpg","docs\trading-on-wheels\reference-downloads\leadz-awaiken-public-demo\images\project-6.jpg","190041"
"https://html.awaikenthemes.com/leadz/images/project-7.jpg","docs\trading-on-wheels\reference-downloads\leadz-awaiken-public-demo\images\project-7.jpg","197294"
"https://html.awaikenthemes.com/leadz/images/project-8.jpg","docs\trading-on-wheels\reference-downloads\leadz-awaiken-public-demo\images\project-8.jpg","176048"
"https://html.awaikenthemes.com/leadz/images/project-9.jpg","docs\trading-on-wheels\reference-downloads\leadz-awaiken-public-demo\images\project-9.jpg","217726"
"https://html.awaikenthemes.com/leadz/images/section-bg.svg","docs\trading-on-wheels\reference-downloads\leadz-awaiken-public-demo\images\section-bg.svg","6765"
"https://html.awaikenthemes.com/leadz/images/service-box-image-1.png","docs\trading-on-wheels\reference-downloads\leadz-awaiken-public-demo\images\service-box-image-1.png","23968"
"https://html.awaikenthemes.com/leadz/images/service-box-image-2.png","docs\trading-on-wheels\reference-downloads\leadz-awaiken-public-demo\images\service-box-image-2.png","20299"
"https://html.awaikenthemes.com/leadz/images/service-box-image-3.png","docs\trading-on-wheels\reference-downloads\leadz-awaiken-public-demo\images\service-box-image-3.png","18659"
"https://html.awaikenthemes.com/leadz/images/service-entry-img-1.jpg","docs\trading-on-wheels\reference-downloads\leadz-awaiken-public-demo\images\service-entry-img-1.jpg","150374"
"https://html.awaikenthemes.com/leadz/images/service-entry-img-2.jpg","docs\trading-on-wheels\reference-downloads\leadz-awaiken-public-demo\images\service-entry-img-2.jpg","165576"
"https://html.awaikenthemes.com/leadz/images/service-img-1.jpg","docs\trading-on-wheels\reference-downloads\leadz-awaiken-public-demo\images\service-img-1.jpg","201483"
"https://html.awaikenthemes.com/leadz/images/service-img-2.jpg","docs\trading-on-wheels\reference-downloads\leadz-awaiken-public-demo\images\service-img-2.jpg","195112"
"https://html.awaikenthemes.com/leadz/images/service-img-3.jpg","docs\trading-on-wheels\reference-downloads\leadz-awaiken-public-demo\images\service-img-3.jpg","192569"
"https://html.awaikenthemes.com/leadz/images/service-img-4.jpg","docs\trading-on-wheels\reference-downloads\leadz-awaiken-public-demo\images\service-img-4.jpg","200880"
"https://html.awaikenthemes.com/leadz/images/service-img-5.jpg","docs\trading-on-wheels\reference-downloads\leadz-awaiken-public-demo\images\service-img-5.jpg","229464"
"https://html.awaikenthemes.com/leadz/images/service-img-6.jpg","docs\trading-on-wheels\reference-downloads\leadz-awaiken-public-demo\images\service-img-6.jpg","197188"
"https://html.awaikenthemes.com/leadz/images/service-List-image.jpg","docs\trading-on-wheels\reference-downloads\leadz-awaiken-public-demo\images\service-List-image.jpg","60826"
"https://html.awaikenthemes.com/leadz/images/success-customer-img-1.jpg","docs\trading-on-wheels\reference-downloads\leadz-awaiken-public-demo\images\success-customer-img-1.jpg","8894"
"https://html.awaikenthemes.com/leadz/images/success-customer-img-2.jpg","docs\trading-on-wheels\reference-downloads\leadz-awaiken-public-demo\images\success-customer-img-2.jpg","8976"
"https://html.awaikenthemes.com/leadz/images/success-customer-img-3.jpg","docs\trading-on-wheels\reference-downloads\leadz-awaiken-public-demo\images\success-customer-img-3.jpg","6396"
"https://html.awaikenthemes.com/leadz/images/success-customer-img-4.jpg","docs\trading-on-wheels\reference-downloads\leadz-awaiken-public-demo\images\success-customer-img-4.jpg","8227"
"https://html.awaikenthemes.com/leadz/images/team-1.jpg","docs\trading-on-wheels\reference-downloads\leadz-awaiken-public-demo\images\team-1.jpg","199538"
"https://html.awaikenthemes.com/leadz/images/team-2.jpg","docs\trading-on-wheels\reference-downloads\leadz-awaiken-public-demo\images\team-2.jpg","240161"
"https://html.awaikenthemes.com/leadz/images/team-3.jpg","docs\trading-on-wheels\reference-downloads\leadz-awaiken-public-demo\images\team-3.jpg","225240"
"https://html.awaikenthemes.com/leadz/images/team-4.jpg","docs\trading-on-wheels\reference-downloads\leadz-awaiken-public-demo\images\team-4.jpg","152659"
"https://html.awaikenthemes.com/leadz/images/team-5.jpg","docs\trading-on-wheels\reference-downloads\leadz-awaiken-public-demo\images\team-5.jpg","198064"
"https://html.awaikenthemes.com/leadz/images/team-6.jpg","docs\trading-on-wheels\reference-downloads\leadz-awaiken-public-demo\images\team-6.jpg","227692"
"https://html.awaikenthemes.com/leadz/images/testimonial-author-1.png","docs\trading-on-wheels\reference-downloads\leadz-awaiken-public-demo\images\testimonial-author-1.png","253029"
"https://html.awaikenthemes.com/leadz/images/testimonial-author-2.png","docs\trading-on-wheels\reference-downloads\leadz-awaiken-public-demo\images\testimonial-author-2.png","211884"
"https://html.awaikenthemes.com/leadz/images/testimonial-author-3.png","docs\trading-on-wheels\reference-downloads\leadz-awaiken-public-demo\images\testimonial-author-3.png","244569"
"https://html.awaikenthemes.com/leadz/images/testimonial-author-4.png","docs\trading-on-wheels\reference-downloads\leadz-awaiken-public-demo\images\testimonial-author-4.png","208961"
"https://html.awaikenthemes.com/leadz/images/testimonial-author-5.png","docs\trading-on-wheels\reference-downloads\leadz-awaiken-public-demo\images\testimonial-author-5.png","239699"
"https://html.awaikenthemes.com/leadz/images/testimonial-quotes.svg","docs\trading-on-wheels\reference-downloads\leadz-awaiken-public-demo\images\testimonial-quotes.svg","1297"
"https://html.awaikenthemes.com/leadz/images/video-gallery-img-1.jpg","docs\trading-on-wheels\reference-downloads\leadz-awaiken-public-demo\images\video-gallery-img-1.jpg","132129"
"https://html.awaikenthemes.com/leadz/images/video-gallery-img-2.jpg","docs\trading-on-wheels\reference-downloads\leadz-awaiken-public-demo\images\video-gallery-img-2.jpg","138957"
"https://html.awaikenthemes.com/leadz/images/video-gallery-img-3.jpg","docs\trading-on-wheels\reference-downloads\leadz-awaiken-public-demo\images\video-gallery-img-3.jpg","159937"
"https://html.awaikenthemes.com/leadz/images/video-gallery-img-4.jpg","docs\trading-on-wheels\reference-downloads\leadz-awaiken-public-demo\images\video-gallery-img-4.jpg","155330"
"https://html.awaikenthemes.com/leadz/images/video-gallery-img-5.jpg","docs\trading-on-wheels\reference-downloads\leadz-awaiken-public-demo\images\video-gallery-img-5.jpg","140328"
"https://html.awaikenthemes.com/leadz/images/video-gallery-img-6.jpg","docs\trading-on-wheels\reference-downloads\leadz-awaiken-public-demo\images\video-gallery-img-6.jpg","141380"
"https://html.awaikenthemes.com/leadz/images/video-gallery-img-7.jpg","docs\trading-on-wheels\reference-downloads\leadz-awaiken-public-demo\images\video-gallery-img-7.jpg","174608"
"https://html.awaikenthemes.com/leadz/images/video-gallery-img-8.jpg","docs\trading-on-wheels\reference-downloads\leadz-awaiken-public-demo\images\video-gallery-img-8.jpg","150173"
"https://html.awaikenthemes.com/leadz/images/video-gallery-img-9.jpg","docs\trading-on-wheels\reference-downloads\leadz-awaiken-public-demo\images\video-gallery-img-9.jpg","120901"
"https://html.awaikenthemes.com/leadz/images/why-choose-image-1.jpg","docs\trading-on-wheels\reference-downloads\leadz-awaiken-public-demo\images\why-choose-image-1.jpg","237958"
"https://html.awaikenthemes.com/leadz/images/why-choose-image-2.jpg","docs\trading-on-wheels\reference-downloads\leadz-awaiken-public-demo\images\why-choose-image-2.jpg","264079"
"https://html.awaikenthemes.com/leadz/images/why-choose-image-3.jpg","docs\trading-on-wheels\reference-downloads\leadz-awaiken-public-demo\images\why-choose-image-3.jpg","293669"
"https://html.awaikenthemes.com/leadz/","docs\trading-on-wheels\reference-downloads\leadz-awaiken-public-demo\index.html","106445"
"https://html.awaikenthemes.com/leadz/index.html","docs\trading-on-wheels\reference-downloads\leadz-awaiken-public-demo\index.html","106445"
"https://html.awaikenthemes.com/leadz/index-image.html","docs\trading-on-wheels\reference-downloads\leadz-awaiken-public-demo\index-image.html","104292"
"https://html.awaikenthemes.com/leadz/index-slider.html","docs\trading-on-wheels\reference-downloads\leadz-awaiken-public-demo\index-slider.html","107587"
"https://html.awaikenthemes.com/leadz/index-video.html","docs\trading-on-wheels\reference-downloads\leadz-awaiken-public-demo\index-video.html","105167"
"https://html.awaikenthemes.com/leadz/js/bootstrap.min.js","docs\trading-on-wheels\reference-downloads\leadz-awaiken-public-demo\js\bootstrap.min.js","60635"
"https://html.awaikenthemes.com/leadz/js/function.js","docs\trading-on-wheels\reference-downloads\leadz-awaiken-public-demo\js\function.js","8305"
"https://html.awaikenthemes.com/leadz/js/gsap.min.js","docs\trading-on-wheels\reference-downloads\leadz-awaiken-public-demo\js\gsap.min.js","63403"
"https://html.awaikenthemes.com/leadz/js/isotope.min.js","docs\trading-on-wheels\reference-downloads\leadz-awaiken-public-demo\js\isotope.min.js","35456"
"https://html.awaikenthemes.com/leadz/js/jquery.counterup.min.js","docs\trading-on-wheels\reference-downloads\leadz-awaiken-public-demo\js\jquery.counterup.min.js","1057"
"https://html.awaikenthemes.com/leadz/js/jquery.magnific-popup.min.js","docs\trading-on-wheels\reference-downloads\leadz-awaiken-public-demo\js\jquery.magnific-popup.min.js","20216"
"https://html.awaikenthemes.com/leadz/js/jquery.mb.YTPlayer.min.js","docs\trading-on-wheels\reference-downloads\leadz-awaiken-public-demo\js\jquery.mb.YTPlayer.min.js","64021"
"https://html.awaikenthemes.com/leadz/js/jquery.slicknav.js","docs\trading-on-wheels\reference-downloads\leadz-awaiken-public-demo\js\jquery.slicknav.js","21081"
"https://html.awaikenthemes.com/leadz/js/jquery.waypoints.min.js","docs\trading-on-wheels\reference-downloads\leadz-awaiken-public-demo\js\jquery.waypoints.min.js","9028"
"https://html.awaikenthemes.com/leadz/js/jquery-3.7.1.min.js","docs\trading-on-wheels\reference-downloads\leadz-awaiken-public-demo\js\jquery-3.7.1.min.js","87532"
"https://html.awaikenthemes.com/leadz/js/magiccursor.js","docs\trading-on-wheels\reference-downloads\leadz-awaiken-public-demo\js\magiccursor.js","3720"
"https://html.awaikenthemes.com/leadz/js/parallaxie.js","docs\trading-on-wheels\reference-downloads\leadz-awaiken-public-demo\js\parallaxie.js","2072"
"https://html.awaikenthemes.com/leadz/js/ScrollTrigger.min.js","docs\trading-on-wheels\reference-downloads\leadz-awaiken-public-demo\js\ScrollTrigger.min.js","16155"
"https://html.awaikenthemes.com/leadz/js/SmoothScroll.js","docs\trading-on-wheels\reference-downloads\leadz-awaiken-public-demo\js\SmoothScroll.js","23366"
"https://html.awaikenthemes.com/leadz/js/SplitText.js","docs\trading-on-wheels\reference-downloads\leadz-awaiken-public-demo\js\SplitText.js","15524"
"https://html.awaikenthemes.com/leadz/js/swiper-bundle.min.js","docs\trading-on-wheels\reference-downloads\leadz-awaiken-public-demo\js\swiper-bundle.min.js","148486"
"https://html.awaikenthemes.com/leadz/js/validator.min.js","docs\trading-on-wheels\reference-downloads\leadz-awaiken-public-demo\js\validator.min.js","7729"
"https://html.awaikenthemes.com/leadz/js/wow.js","docs\trading-on-wheels\reference-downloads\leadz-awaiken-public-demo\js\wow.js","16064"
"https://html.awaikenthemes.com/leadz/pricing.html","docs\trading-on-wheels\reference-downloads\leadz-awaiken-public-demo\pricing.html","29463"
"https://html.awaikenthemes.com/leadz/projects.html","docs\trading-on-wheels\reference-downloads\leadz-awaiken-public-demo\projects.html","31953"
"https://html.awaikenthemes.com/leadz/project-single.html","docs\trading-on-wheels\reference-downloads\leadz-awaiken-public-demo\project-single.html","31607"
"https://html.awaikenthemes.com/leadz/service.html","docs\trading-on-wheels\reference-downloads\leadz-awaiken-public-demo\service.html","45123"
"https://html.awaikenthemes.com/leadz/service-single.html","docs\trading-on-wheels\reference-downloads\leadz-awaiken-public-demo\service-single.html","32587"
"https://html.awaikenthemes.com/leadz/team.html","docs\trading-on-wheels\reference-downloads\leadz-awaiken-public-demo\team.html","24054"
"https://html.awaikenthemes.com/leadz/team-single.html","docs\trading-on-wheels\reference-downloads\leadz-awaiken-public-demo\team-single.html","25645"
"https://html.awaikenthemes.com/leadz/testimonial.html","docs\trading-on-wheels\reference-downloads\leadz-awaiken-public-demo\testimonial.html","23069"
"https://html.awaikenthemes.com/leadz/video-gallery.html","docs\trading-on-wheels\reference-downloads\leadz-awaiken-public-demo\video-gallery.html","19757"
"https://html.awaikenthemes.com/leadz/webfonts/fa-brands-400.ttf","docs\trading-on-wheels\reference-downloads\leadz-awaiken-public-demo\webfonts\fa-brands-400.ttf","189684"
"https://html.awaikenthemes.com/leadz/webfonts/fa-brands-400.woff2","docs\trading-on-wheels\reference-downloads\leadz-awaiken-public-demo\webfonts\fa-brands-400.woff2","109808"
"https://html.awaikenthemes.com/leadz/webfonts/fa-regular-400.ttf","docs\trading-on-wheels\reference-downloads\leadz-awaiken-public-demo\webfonts\fa-regular-400.ttf","63348"
"https://html.awaikenthemes.com/leadz/webfonts/fa-regular-400.woff2","docs\trading-on-wheels\reference-downloads\leadz-awaiken-public-demo\webfonts\fa-regular-400.woff2","24488"
"https://html.awaikenthemes.com/leadz/webfonts/fa-solid-900.ttf","docs\trading-on-wheels\reference-downloads\leadz-awaiken-public-demo\webfonts\fa-solid-900.ttf","394668"
"https://html.awaikenthemes.com/leadz/webfonts/fa-solid-900.woff2","docs\trading-on-wheels\reference-downloads\leadz-awaiken-public-demo\webfonts\fa-solid-900.woff2","150020"
"https://html.awaikenthemes.com/leadz/webfonts/fa-v4compatibility.ttf","docs\trading-on-wheels\reference-downloads\leadz-awaiken-public-demo\webfonts\fa-v4compatibility.ttf","10172"
"https://html.awaikenthemes.com/leadz/webfonts/fa-v4compatibility.woff2","docs\trading-on-wheels\reference-downloads\leadz-awaiken-public-demo\webfonts\fa-v4compatibility.woff2","4568"
